  INSERT INTO Cliente (nm_cliente, nm_email_cliente, nm_senha, nm_endereco, ds_cliente, nm_cpf)
  VALUES
  ('Maria Silva Duarte', 'maria.silva@email.com', '1199999t', 'Rua das Flores, 123', 'Sou cliente fiel do Salão do Beleza há 5 anos e adoro o serviço oferecido!', '12345678901'),
  ('João Pereira Garcia', 'joao.pereira@email.com', '123456@E', 'Avenida Paulista, 456', 'Frequento o Salão da Beleza há 3 anos e recomendo para todos que buscam um serviço de manicure impecável!', '23456789012'),
  ('Ana Oliveira', 'ana.oliveira@email.com', '13456@ru', 'Rua Tiradentes, 789', 'Adoro fazer o spa das mãos e dos pés com a Manicure Carolina. Ela é super atenciosa e profissional!', '34567890123'),
  ('Pedro Souza', 'pedro.souza@email.com', '14567890', 'Alameda Santos, 1011', 'Sou cliente do Salão de Beleza há 2 anos e nunca troco por outro! Ele é o melhor em o cabelo!', '45678901234'),
  ('Luisa Santos Castro', 'luisa.santos@email.com', '1567@189', 'Rua Augusta, 2345', 'Faço as minhas unhas com a Manicure Beatriz há 1 ano e estou muito satisfeita com o serviço dela!', '56789012345'),
  ('Rafaela Oliveira Barbosa', 'rafaela.barbosa@email.com', '16543TT2', 'Rua das Flores, 789', 'Sou cliente do Salão de Beleza há alguns meses e sempre saio satisfeita com os serviços.', '67890123456'),
  ('Maria Fernanda Souza de Oliveira', 'mariafernanda.souza@email.com', '17654321', 'Av. Paulista, 123', 'Frequento o Salão da Beleza para fazer minhas unhas e sempre recebo um atendimento excelente.', '78901234567'),
  ('Thiago Lima Ribeiro', 'thiago.lima@email.com', 'Th@1876', 'Rua Tiradentes, 456', 'Sempre faço o cabelo com o Carlos e ele realmente entende do assunto.', '89012345678'),
  ('Larissa dos Santos', 'larissa.santos@email.com', '19876543', 'Alameda Santos, 789', 'A Beatriz faz um trabalho incrível nas minhas unhas, sempre saio satisfeita com o resultado.', '90123456789'),
  ('Lucas Pereira Campos', 'lucas.pereira@email.com', 'Ll109876', 'Rua Augusta, 567', 'Sou cliente do Salão de Beleza há alguns meses e adoro o serviço de corte de cabelo e manicure do Marcos.', '01234567890'),
  ('Antônio de Almeida', 'antonio.almeida@email.com', '11234567', 'Rua São Paulo, 100', 'Sou cliente há muito tempo e sempre recebo um ótimo atendimento no Salão de Beleza.', '12345678901'),
  ('Cristina Santos Oliveira', 'cristina.santos@email.com', '1198@765', 'Av. Brasil, 200', 'Adoro o serviço de manicure no Salão de Beleza, sempre saio com unhas lindas.', '23456789012'),
  ('Felipe Oliveira Vieira', 'felipe.oliveira@email.com', '1187@F65', 'Rua Rio de Janeiro, 300', 'Recomendo o serviço de spa para as mãos no Salão de Beleza, é muito relaxante.', '34567890123'),
  ('Mariana Lima', 'mariana.lima@email.com', '11765432', 'Av. Amazonas, 400', 'Fiz um alisamento no Salão de Beleza e o resultado foi excelente, meu cabelo ficou super liso.', '45678901234'),
  ('Roberto Pereira da Silva', 'roberto.pereira@email.com', 'Rob11654', 'Rua Bahia, 500', 'Sempre corto o cabelo com o Marcos no Salão de Beleza, ele entende muito bem o que eu gosto.', '56789012345'),
  ('Juliana Costa', 'juliana.costa@email.com', 'Jul11543', 'Av. Goiás, 600', 'Adoro o atendimento da Fernanda no Salão de Beleza, ela é muito cuidadosa com minhas unhas.', '67890123456'),
  ('Ricardo Silva Pompeo', 'ricardo.silva@email.com', '11432109', 'Rua Minas Gerais, 700', 'O Carlos faz um corte de cabelo impecável no Salão de Beleza, sempre saio satisfeito.', '78901234567'),
  ('Rafaela Oliveira de Martins', 'rafaela.martins@email.com', 'Paty@113', 'Av. Rio Grande do Sul, 800', 'A Carla é muito gentil e realiza um ótimo serviço de manicure no Salão de Beleza.', '89012345678'),
  ('Carlos Almeida Marques', 'carlos.almeida@email.com', 'Gab11@21', 'Rua Espírito Santo, 900', 'O serviço de hidratação no Salão de Beleza deixou meu cabelo muito macio e brilhante.', '90123456789'),
  ('Caroline Pereira Santos', 'caroline.pereira@email.com', '11109876', 'Av. Paraná, 1000', 'Fiz uma reconstrução capilar no Salão de Beleza com o Ricardo e meu cabelo está muito mais forte.', '01234567890');

INSERT INTO Funcionario (nm_email_funcionario, nm_funcionario, nm_senha, nm_telefone, nm_endereco, nm_cargo, nm_cpf)
VALUES
  ('ze.pedro@email.com', 'José Pedro da Silva', '12345678', '11999999999', 'Rua das Flores, 123', 'Cabeleireiro', '12345678901'),
  ('anaclara@gmail.com', 'Ana Clara Freitas', '35183432', '12345678905', 'Avenida Paulista, 456', 'Cabeleleira, Manicure e Pedicure', '23456789012'),
  ('carla.dias123@outlook.com', 'Carla Dias Cardoso', 'ca@20204', '13456789013', 'Rua Tiradentes, 789', 'Manicure e Pedicure', '34567890123'),
  ('carlos@uorak.com', 'Carlos Gomes Martins', '7781car@', '14567890126', 'Alameda Santos, 1011', 'Cabeleireiro e Manicure', '45678901234'),
  ('beatriz246@email.com', 'Beatriz Almeida Carvalho', 'bea12@24', '15678901237', 'Rua Augusta, 2345', 'Manicure', '56789012345'),
  ('marcos.antonio45@gmail.com', 'Marcos Antônio Castro', 'ma478275', '16789012348', 'Av. Faria Lima, 567', 'Cabeleireiro e Manicure', '67890123456'),
  ('rafael@email.com', 'Rafael Vieira Ramos', 'rv123@5#', '16543210984', 'Rua das Flores, 789', 'Cabeleleiro', '78901234567'),
  ('fernanda@email.com', 'Fernanda Oliveira Gonçalves', 'fo456289', '17654321096', 'Av. Paulista, 123', 'Manicure', '89012345678'),
  ('gustavo@email.com', 'Gustavo Silva de Santana', 'gs78918@', '18765432108', 'Rua Tiradentes, 456', 'Cabeleireiro', '90123456789'),
  ('manuela@email.com', 'Manuela Teixeira Soares', 'cp987@68', '19876543219', 'Alameda Santos, 789', 'Manicure', '01234567890'),
  ('bernardo@email.com', 'Bernardo Oliveira Silva', 'lo321#56', '10987654322', 'Rua Augusta, 567', 'Cabeleireiro', '12345678901'),
  ('antonio.almeida@email.com', 'Antônio Almeida Santos', '11654321', '11987654321', 'Rua São Paulo, 100', 'Manicure', '23456789012'),
  ('cristina.santos@email.com', 'Cristina Santos Rodrigues', 'c6789567', '11976543213', 'Av. Brasil, 200', 'Manicure', '34567890123'),
  ('felipe.oliveira@email.com', 'Felipe Oliveira Rocha', 'f2468982', '11876543216', 'Rua Rio de Janeiro, 300', 'Cabeleireiro e Manicure', '45678901234'),
  ('mariana.lima@email.com', 'Mariana Lima Nascimento', 'm135716M', '11765432107', 'Av. Amazonas, 400', 'Cabeleireira e Manicure', '56789012345'),
  ('roberto.pereira@email.com', 'Roberto Pereira', 'r9876R67', '11654321094', 'Rua Bahia, 500', 'Cabeleireiro', '67890123456'),
  ('juliana.costa@email.com', 'Juliana Costa', 'j543226f', '11543210988', 'Av. Goiás, 600', 'Manicure', '78901234567'),
  ('ricardo.silva@email.com', 'Ricardo Silva', 'r@109824', '11432109874', 'Rua Minas Gerais, 700', 'Cabeleireiro', '89012345678'),
  ('patricia.oliveira@email.com', 'Patrícia Oliveira Gomes', 'p7654r67', '11321098762', 'Av. Rio Grande do Sul, 800', 'Manicure', '90123456789'),
  ('ryan.almeida@email.com', 'Gabriel Santos Lima', 'g@4#9870', '11210987656', 'Rua Espírito Santo, 900', 'Cabeleireiro', '01234567890'),
  ('carolina.lopes@email.com', 'Carolina Lopes', 'c5678421', '11109876548', 'Av. Paraná, 1000', 'Manicure', '12345678901');



INSERT INTO Gerente (nm_email_gerente, nm_gerente, nm_senha, nm_telefone, nm_endereco, nm_departamento)
VALUES 
('joana.silva@empresa.com', 'Joana Silva', 'abc12345', '1198765-4321', 'Rua das Flores, 123, São Paulo, SP', 'Recursos Humanos'),
('marcos.souza@empresa.com', 'Marcos Souza', 'def67890', '2191234-5678', 'Avenida Central, 456, Rio de Janeiro, RJ', 'Administração');




INSERT INTO Categoria (cd_categoria, nm_categoria)
VALUES
  (1, 'Corte Capilar'),
  (2, 'Higienização Capilar'),
  (3, 'Penteados'),
  (4, 'Alisamentos'),
  (5, 'Tintura de cabelo'),      -- Alterada para Tintura
  (6, 'Tratamentos'),
  (7, 'Terapia Capilar'),
  (8, 'Corte de Unha'),
  (9, 'Esmaltação'),
  (10, 'Spa das unhas');





INSERT INTO Servico (cd_servico, nm_servico, ds_servico, vl_servico, qt_tempo_servico, cd_categoria)
VALUES
  /*Serviços de Corte Capilar*/
  (1, 'Franja', 'Corte de franja.', 15.00, '00:15:00', 1),
  (2, 'Feminino em Crespo ou Cacheado', 'Corte de cabelo feminino em crespo ou cacheado. Inclui lavagem, shampoo e condicionador.', 50.00, '01:00:00', 1),
  (3, 'Feminino Longo', 'Corte de cabelo feminino longo. Inclui lavagem, shampoo e condicionador.', 40.00, '02:30:00', 1),
  (4, 'Feminino Curto', 'Corte de cabelo feminino curto. Inclui lavagem, shampoo e condicionador.', 35.00, '01:00:00', 1),
  (5, 'Feminino Médio', 'Corte de cabelo feminino médio. Inclui lavagem, shampoo e condicionador.', 38.00, '01:30:00', 1),
  (6, 'Masculino Longo', 'Corte de cabelo masculino longo. Inclui lavagem, shampoo e condicionador.', 40.00, '01:30:00', 1),
  (7, 'Masculino Curto', 'Corte de cabelo masculino curto. Inclui lavagem, shampoo e condicionador.', 35.00, '00:30:00', 1),
  (8, 'Masculino Médio', 'Corte de cabelo masculino médio. Inclui lavagem, shampoo e condicionador.', 38.00, '01:00:00', 1),

  /* Serviços de Alisamentos*/
  (9, 'Escova Progressiva com Formol', 'Escova progressiva com formol. Inclui shampoo, condicionador e creme.', 150.00, '02:30:00', 4),
  (10, 'Escova Progressiva sem Formol', 'Escova progressiva sem formol. Inclui shampoo, condicionador e creme.', 140.00, '02:30:00', 4),
  (11, 'Escova Botox', 'Escova botox. Inclui shampoo, condicionador e creme.', 120.00, '02:00:00', 4),
  (12, 'Escova Simples', 'Escova simples. Inclui shampoo, condicionador e creme.', 50.00, '01:00:00', 4),

  /*Serviços de Tintura de cabelo*/
  (13, 'Descoloração Normal', 'Descoloração normal. Inclui shampoo, condicionador e creme.', 80.00, '02:00:00', 5),
  (14, 'Descoloração Global', 'Descoloração global. Inclui shampoo, condicionador e creme.', 100.00, '03:00:00', 5),

  /* Serviços de Tratamentos*/
  (15, 'Hidratação', 'Tratamento de hidratação capilar. Inclui shampoo, condicionador e creme.', 60.00, '01:00:00', 6),
  (16, 'Nutrição', 'Tratamento de nutrição capilar. Inclui shampoo, condicionador e creme.', 70.00, '01:00:00', 6),
  (17, 'Reconstrução', 'Tratamento de reconstrução capilar. Inclui shampoo, condicionador e creme.', 80.00, '01:30:00', 6),
  (18, 'Selagem', 'Tratamento de selagem capilar. Inclui shampoo, condicionador e creme.', 90.00, '01:30:00', 6),
  (19, 'Relaxamento Capilar', 'Tratamento de relaxamento capilar. Inclui shampoo, condicionador e creme.', 100.00, '02:00:00', 6),

  /*Serviços de Corte de Unha*/
  (20, 'Spa das Mãos', 'Tratamento de spa para as mãos.', 40.00, '01:00:00', 8),
  (21, 'Spa dos Pés', 'Tratamento de spa para os pés.', 40.00, '01:00:00', 8),
  (22, 'Esfoliação', 'Tratamento de esfoliação.', 30.00, '00:45:00', 8),

  /*Serviços de Esmaltação*/
  (23, 'Esmaltação Gel', 'Esmaltação em gel. Inclui esmalte, base, top coat e removedor.', 50.00, '01:00:00', 9),
  (24, 'Esmaltação Normal', 'Esmaltação normal. Inclui esmalte, base e removedor.', 20.00, '00:30:00', 9),
  (25, 'Esmaltação em Fibra de Vidro', 'Esmaltação em fibra de vidro. Inclui esmalte, base, top coat e removedor.', 60.00, '01:30:00', 9),

  /* Serviços de Unhas*/
  (26, 'Unhas Postiças', 'Colocação de unhas postiças. Inclui cola e lixa.', 40.00, '01:00:00', 5),
  (27, 'Colocação de Gel', 'Colocação de unhas em gel. Inclui gel, primer, cola e lixa.', 50.00, '01:30:00', 5),
  (28, 'Unha de Fibra de Vidro', 'Colocação de unha de fibra de vidro. Inclui fibra de vidro, gel, primer, cola e lixa.', 70.00, '02:00:00', 5),
  (29, 'Alongamento de Gel', 'Alongamento de unhas com gel. Inclui gel, primer, cola e lixa.', 80.00, '02:00:00', 5),
  (30, 'Alongamento de Tips', 'Alongamento de unhas com tips. Inclui tips, cola e lixa.', 90.00, '02:00:00', 5),
  (31, 'Alongamento de Fibra de Vidro', 'Alongamento de unhas com fibra de vidro. Inclui fibra de vidro, gel, primer, cola e lixa.', 100.00, '02:30:00', 5),
  (32, 'Manutenção de Gel', 'Manutenção de unhas no esmalte de gel. Inclui esmalte em gel, primer, e lixa.', 40.00, '01:00:00', 5),
  (33, 'Manutenção de Alongamento de Gel', 'Manutenção de alongamento de unhas com gel. Inclui gel, primer, cola e lixa.', 50.00, '01:30:00', 5),
  (34, 'Manutenção de Fibra de Vidro', 'Manutenção de unhas de fibra de vidro. Inclui fibra de vidro, gel, primer, cola e lixa.', 60.00, '01:30:00', 5),
  (35, 'Manutenção de Tips', 'Manutenção de unhas com tips. Inclui tips, cola e lixa.', 45.00, '01:00:00', 5),

  /*Serviços de Penteados*/
  (36, 'Penteado Simples', 'Penteado simples para ocasiões diversas.', 60.00, '01:00:00', 3),
  (37, 'Penteado Formal', 'Penteado formal para eventos elegantes.', 80.00, '01:30:00', 3),
  (38, 'Penteado para Casamento', 'Penteado especial para noivas e casamentos.', 120.00, '02:00:00', 3),
  (39, 'Penteado com Trança', 'Penteado elaborado com tranças.', 70.00, '01:30:00', 3);



 /*INSERT INTO Servico (cd_servico, nm_servico, ds_servico, vl_servico, qt_tempo_servico, cd_categoria)
 VALUES
  (1, 'Franja', 'Corte de franja.', 15.00, '00:15:00', 1),
  (2, 'Feminino em Crespo ou Cacheado', 'Corte de cabelo feminino em crespo ou cacheado. Inclui lavagem, shampoo e condicionador.', 50.00, '01:00:00', 1),
  (3, 'Feminino Longo', 'Corte de cabelo feminino longo. Inclui lavagem, shampoo e condicionador.', 40.00, '02:30:00', 1),
  (4, 'Feminino Curto', 'Corte de cabelo feminino curto. Inclui lavagem, shampoo e condicionador.', 35.00, '01:00:00', 1),
  (5, 'Feminino Médio', 'Corte de cabelo feminino médio. Inclui lavagem, shampoo e condicionador.', 38.00, '01:30:00', 1),
  (6, 'Masculino Longo', 'Corte de cabelo masculino longo. Inclui lavagem, shampoo e condicionador.', 40.00, '01:30:00', 1),
  (7, 'Masculino Curto', 'Corte de cabelo masculino curto. Inclui lavagem, shampoo e condicionador.', 35.00, '00:30:00', 1),
  (8, 'Masculino Médio', 'Corte de cabelo masculino médio. Inclui lavagem, shampoo e condicionador.', 38.00, '01:00:00', 1),
  (9, 'Escova Progressiva com Formol', 'Escova progressiva com formol. Inclui shampoo, condicionador e creme.', 150.00, '02:30:00', 4),
  (10, 'Escova Progressiva sem Formol', 'Escova progressiva sem formol. Inclui shampoo, condicionador e creme.', 140.00, '02:30:00', 4),
  (11, 'Escova Botox', 'Escova botox. Inclui shampoo, condicionador e creme.', 120.00, '02:00:00', 4),
  (12, 'Escova Simples', 'Escova simples. Inclui shampoo, condicionador e creme.', 50.00, '01:00:00', 4),
  (13, 'Descoloração Normal', 'Descoloração normal. Inclui shampoo, condicionador e creme.', 80.00, '02:00:00', 6),
  (14, 'Descoloração Global', 'Descoloração global. Inclui shampoo, condicionador e creme.', 100.00, '03:00:00', 6),
  (15, 'Hidratação', 'Tratamento de hidratação capilar. Inclui shampoo, condicionador e creme.', 60.00, '01:00:00', 8),
  (16, 'Nutrição', 'Tratamento de nutrição capilar. Inclui shampoo, condicionador e creme.', 70.00, '01:00:00', 8),
  (17, 'Reconstrução', 'Tratamento de reconstrução capilar. Inclui shampoo, condicionador e creme.', 80.00, '01:30:00', 8),
  (18, 'Selagem', 'Tratamento de selagem capilar. Inclui shampoo, condicionador e creme.', 90.00, '01:30:00', 8),
  (19, 'Relaxamento Capilar', 'Tratamento de relaxamento capilar. Inclui shampoo, condicionador e creme.', 100.00, '02:00:00', 8),
  (20, 'Spa das Mãos', 'Tratamento de spa para as mãos.', 40.00, '01:00:00', 10),
  (21, 'Spa dos Pés', 'Tratamento de spa para os pés.', 40.00, '01:00:00', 10),
  (22, 'Esfoliação', 'Tratamento de esfoliação.', 30.00, '00:45:00', 10),
  (23, 'Esmaltação Gel', 'Esmaltação em gel. Inclui esmalte, base, top coat e removedor.', 50.00, '01:00:00', 11),
  (24, 'Esmaltação Normal', 'Esmaltação normal. Inclui esmalte, base e removedor.', 20.00, '00:30:00', 11),
  (25, 'Esmaltação em Fibra de Vidro', 'Esmaltação em fibra de vidro. Inclui esmalte, base, top coat e removedor.', 60.00, '01:30:00', 11),
  (26, 'Unhas Postiças', 'Colocação de unhas postiças. Inclui cola e lixa.', 40.00, '01:00:00', 5),
  (27, 'Colocação de Gel', 'Colocação de unhas em gel. Inclui gel, primer, cola e lixa.', 50.00, '01:30:00', 5),
  (28, 'Unha de Fibra de Vidro', 'Colocação de unha de fibra de vidro. Inclui fibra de vidro, gel, primer, cola e lixa.', 70.00, '02:00:00', 5),
  (29, 'Alongamento de Gel', 'Alongamento de unhas com gel. Inclui gel, primer, cola e lixa.', 80.00, '02:00:00', 5),
  (30, 'Alongamento de Tips', 'Alongamento de unhas com tips. Inclui tips, cola e lixa.', 90.00, '02:00:00', 5),
  (31, 'Alongamento de Fibra de Vidro', 'Alongamento de unhas com fibra de vidro. Inclui fibra de vidro, gel, primer, cola e lixa.', 100.00, '02:30:00', 5),
  (32, 'Manutenção de Gel', 'Manutenção de unhas no esmalte de gel. Inclui esmalte em gel, primer, e lixa.', 40.00, '01:00:00', 5),
  (33, 'Manutenção de Alongamento de Gel', 'Manutenção de alongamento de unhas com gel. Inclui gel, primer, cola e lixa.', 50.00, '01:30:00', 5),
  (34, 'Manutenção de Fibra de Vidro', 'Manutenção de unhas de fibra de vidro. Inclui fibra de vidro, gel, primer, cola e lixa.', 60.00, '01:30:00', 5),
  (35, 'Manutenção de Tips', 'Manutenção de unhas com tips. Inclui tips, cola e lixa.', 45.00, '01:00:00', 5),
  (36, 'Penteado Simples', 'Penteado simples para ocasiões diversas.', 60.00, '01:00:00', 3),
  (37, 'Penteado Formal', 'Penteado formal para eventos elegantes.', 80.00, '01:30:00', 3),
  (38, 'Penteado para Casamento', 'Penteado especial para noivas e casamentos.', 120.00, '02:00:00', 3),
  (39, 'Penteado com Trança', 'Penteado elaborado com tranças.', 70.00, '01:30:00', 3);*/
  


  INSERT INTO Agendamento (cd_agendamento, dt_agendamento, hr_agendamento, nm_email_cliente, nm_email_funcionario, cd_servico)
  VALUES
  (1, '2024-01-07', '10:00:00', 'maria.silva@email.com', 'ze.pedro@email.com', 4),
  (1, '2024-01-07', '10:30:00', 'maria.silva@email.com', 'ze.pedro@email.com', 4),
  (1, '2024-01-07', '11:00:00', 'maria.silva@email.com', 'ze.pedro@email.com', 4),
  (2, '2024-01-09', '10:30:00', 'joao.pereira@email.com', 'anaclara@gmail.com', 6),
  (2, '2024-01-09', '11:00:00', 'joao.pereira@email.com', 'anaclara@gmail.com', 6),
  (2, '2024-01-09', '11:30:00', 'joao.pereira@email.com', 'anaclara@gmail.com', 6),
  (2, '2024-01-09', '12:00:00', 'joao.pereira@email.com', 'anaclara@gmail.com', 6),
  (3, '2024-01-10', '13:00:00', 'ana.oliveira@email.com', 'carla.dias123@outlook.com', 23),
  (3, '2024-01-10', '13:30:00', 'ana.oliveira@email.com', 'carla.dias123@outlook.com', 23),
  (3, '2024-01-10', '14:00:00', 'ana.oliveira@email.com', 'carla.dias123@outlook.com', 23),
  (4, '2024-01-12', '14:30:00', 'pedro.souza@email.com', 'carlos@uorak.com', 19),
  (4, '2024-01-12', '15:00:00', 'pedro.souza@email.com', 'carlos@uorak.com', 19),
  (4, '2024-01-12', '15:30:00', 'pedro.souza@email.com', 'carlos@uorak.com', 19),
  (4, '2024-01-12', '16:00:00', 'pedro.souza@email.com', 'carlos@uorak.com', 19),
  (4, '2024-01-12', '16:30:00', 'pedro.souza@email.com', 'carlos@uorak.com', 19),
  (5, '2024-01-12', '17:00:00', 'luisa.santos@email.com', 'beatriz246@email.com', 33),
  (5, '2024-01-12', '17:30:00', 'luisa.santos@email.com', 'beatriz246@email.com', 33),
  (5, '2024-01-12', '18:00:00', 'luisa.santos@email.com', 'beatriz246@email.com', 33),
  (5, '2024-01-12', '18:30:00', 'luisa.santos@email.com', 'beatriz246@email.com', 33),
  (6, '2024-01-14', '08:00:00', 'luisa.santos@email.com', 'marcos.antonio45@gmail.com', 12),
  (6, '2024-01-14', '08:30:00', 'luisa.santos@email.com', 'marcos.antonio45@gmail.com', 12),
  (6, '2024-01-14', '09:00:00', 'luisa.santos@email.com', 'marcos.antonio45@gmail.com', 12),
  (7, '2024-01-17', '09:30:00', 'rafaela.martins@email.com', 'rafael@email.com', 15),
  (7, '2024-01-17', '10:00:00', 'rafaela.martins@email.com', 'rafael@email.com', 15),
  (7, '2024-01-17', '10:30:00', 'rafaela.martins@email.com', 'rafael@email.com', 15),
  (8, '2024-01-16', '10:30:00', 'mariafernanda.souza@email.com', 'fernanda@email.com', 27),
  (8, '2024-01-16', '11:00:00', 'mariafernanda.souza@email.com', 'fernanda@email.com', 27),
  (8, '2024-01-16', '11:30:00', 'mariafernanda.souza@email.com', 'fernanda@email.com', 27),
  (8, '2024-01-16', '12:00:00', 'mariafernanda.souza@email.com', 'fernanda@email.com', 27),
  (9, '2024-01-18', '13:00:00', 'thiago.lima@email.com', 'gustavo@email.com', 8),
  (9, '2024-01-18', '13:30:00', 'thiago.lima@email.com', 'gustavo@email.com', 8),
  (9, '2024-01-18', '14:00:00', 'thiago.lima@email.com', 'gustavo@email.com', 8),
  (10, '2024-01-23', '14:30:00', 'larissa.santos@email.com', 'manuela@email.com', 28),
  (10, '2024-01-23', '15:00:00', 'larissa.santos@email.com', 'manuela@email.com', 28),
  (10, '2024-01-23', '15:30:00', 'larissa.santos@email.com', 'manuela@email.com', 28),
  (10, '2024-01-23', '16:00:00', 'larissa.santos@email.com', 'manuela@email.com', 28),
  (10, '2024-01-23', '16:30:00', 'larissa.santos@email.com', 'manuela@email.com', 28),
  (11, '2024-01-21', '17:00:00', 'lucas.pereira@email.com', 'bernardo@email.com', 17),
  (11, '2024-01-21', '17:30:00', 'lucas.pereira@email.com', 'bernardo@email.com', 17),
  (11, '2024-01-21', '18:00:00', 'lucas.pereira@email.com', 'bernardo@email.com', 17),
  (11, '2024-01-21', '18:30:00', 'lucas.pereira@email.com', 'bernardo@email.com', 17),
  (12, '2024-01-26', '09:00:00', 'rafaela.barbosa@email.com', 'patricia.oliveira@email.com', 30),
  (12, '2024-01-26', '09:30:00', 'rafaela.barbosa@email.com', 'patricia.oliveira@email.com', 30),
  (12, '2024-01-26', '10:00:00', 'rafaela.barbosa@email.com', 'patricia.oliveira@email.com', 30),
  (12, '2024-01-26', '10:30:00', 'rafaela.barbosa@email.com', 'patricia.oliveira@email.com', 30),
  (12, '2024-01-26', '11:00:00', 'rafaela.barbosa@email.com', 'patricia.oliveira@email.com', 30),
  (13, '2024-01-25', '09:30:00', 'carlos.almeida@email.com', 'ryan.almeida@email.com', 7),
  (13, '2024-01-25', '10:00:00', 'carlos.almeida@email.com', 'ryan.almeida@email.com', 7),
  (14, '2024-01-25', '10:30:00', 'carlos.almeida@email.com', 'ryan.almeida@email.com', 18),
  (14, '2024-01-25', '11:00:00', 'carlos.almeida@email.com', 'ryan.almeida@email.com', 18),
  (14, '2024-01-25', '11:30:00', 'carlos.almeida@email.com', 'ryan.almeida@email.com', 18),
  (14, '2024-01-25', '12:00:00', 'carlos.almeida@email.com', 'ryan.almeida@email.com', 18),
  (15, '2024-01-28', '11:00:00', 'caroline.pereira@email.com', 'carolina.lopes@email.com', 35),
  (15, '2024-01-28', '11:30:00', 'caroline.pereira@email.com', 'carolina.lopes@email.com', 35),
  (15, '2024-01-28', '12:00:00', 'caroline.pereira@email.com', 'carolina.lopes@email.com', 35),
  (16, '2024-02-01', '11:00:00', 'maria.silva@email.com', 'ze.pedro@email.com', 16),
  (16, '2024-02-01', '11:30:00', 'maria.silva@email.com', 'ze.pedro@email.com', 16),
  (16, '2024-02-01', '12:00:00', 'maria.silva@email.com', 'ze.pedro@email.com', 16),
  (17, '2024-02-02', '13:00:00', 'joao.pereira@email.com', 'anaclara@gmail.com', 7),
  (17, '2024-02-02', '13:30:00', 'joao.pereira@email.com', 'anaclara@gmail.com', 7),
  (18, '2024-02-07', '14:00:00', 'ana.oliveira@email.com', 'carla.dias123@outlook.com', 24),
  (18, '2024-02-07', '14:30:00', 'ana.oliveira@email.com', 'carla.dias123@outlook.com', 24),
  (19, '2024-02-04', '15:00:00', 'pedro.souza@email.com', 'carlos@uorak.com', 21),
  (19, '2024-02-04', '15:30:00', 'pedro.souza@email.com', 'carlos@uorak.com', 21),
  (19, '2024-02-04', '16:00:00', 'pedro.souza@email.com', 'carlos@uorak.com', 21),
  (20, '2024-02-09', '16:00:00', 'luisa.santos@email.com', 'beatriz246@email.com', 20),
  (21, '2024-02-09', '16:30:00', 'luisa.santos@email.com', 'beatriz246@email.com', 20),
  (21, '2024-02-09', '17:00:00', 'luisa.santos@email.com', 'beatriz246@email.com', 20),
  (22, '2024-02-13', '09:00:00', 'maria.silva@email.com', 'antonio.almeida@email.com', 11),
  (22, '2024-02-13', '09:30:00', 'maria.silva@email.com', 'antonio.almeida@email.com', 11),
  (22, '2024-02-13', '10:00:00', 'maria.silva@email.com', 'antonio.almeida@email.com', 11),
  (22, '2024-02-13', '10:30:00', 'maria.silva@email.com', 'antonio.almeida@email.com', 11),
  (22, '2024-02-13', '11:00:00', 'maria.silva@email.com', 'antonio.almeida@email.com', 11),
  (23, '2024-02-11', '10:00:00', 'joao.pereira@email.com', 'cristina.santos@email.com', 21),
  (23, '2024-02-11', '10:30:00', 'joao.pereira@email.com', 'cristina.santos@email.com', 21),
  (23, '2024-02-11', '11:30:00', 'joao.pereira@email.com', 'cristina.santos@email.com', 21),
  (24, '2024-02-15', '08:30:00', 'ana.oliveira@email.com', 'felipe.oliveira@email.com', 30),
  (24, '2024-02-15', '09:00:00', 'ana.oliveira@email.com', 'felipe.oliveira@email.com', 30),
  (24, '2024-02-15', '09:30:00', 'ana.oliveira@email.com', 'felipe.oliveira@email.com', 30),
  (24, '2024-02-15', '10:00:00', 'ana.oliveira@email.com', 'felipe.oliveira@email.com', 30),
  (24, '2024-02-15', '10:30:00', 'ana.oliveira@email.com', 'felipe.oliveira@email.com', 30),
  (25, '2024-02-14', '10:00:00', 'pedro.souza@email.com', 'mariana.lima@email.com', 11),
  (25, '2024-02-14', '10:30:00', 'pedro.souza@email.com', 'mariana.lima@email.com', 11),
  (25, '2024-02-14', '11:00:00', 'pedro.souza@email.com', 'mariana.lima@email.com', 11),
  (25, '2024-02-14', '11:30:00', 'pedro.souza@email.com', 'mariana.lima@email.com', 11),
  (25, '2024-02-14', '12:00:00', 'pedro.souza@email.com', 'mariana.lima@email.com', 11),
  (26, '2024-02-17', '13:00:00', 'luisa.santos@email.com', 'roberto.pereira@email.com', 14),
  (26, '2024-02-17', '13:30:00', 'luisa.santos@email.com', 'roberto.pereira@email.com', 14),
  (26, '2024-02-17', '14:00:00', 'luisa.santos@email.com', 'roberto.pereira@email.com', 14),
  (26, '2024-02-17', '14:30:00', 'luisa.santos@email.com', 'roberto.pereira@email.com', 14),
  (26, '2024-02-17', '15:00:00', 'luisa.santos@email.com', 'roberto.pereira@email.com', 14),
  (26, '2024-02-17', '15:30:00', 'luisa.santos@email.com', 'roberto.pereira@email.com', 14),
  (26, '2024-02-17', '16:00:00', 'luisa.santos@email.com', 'roberto.pereira@email.com', 14),
  (27, '2024-02-16', '14:00:00', 'luisa.santos@email.com', 'juliana.costa@email.com', 24),
  (27, '2024-02-16', '14:30:00', 'luisa.santos@email.com', 'juliana.costa@email.com', 24),
  (28, '2024-02-18', '15:00:00', 'rafaela.martins@email.com', 'ricardo.silva@email.com', 2),
  (28, '2024-02-18', '15:30:00', 'rafaela.martins@email.com', 'ricardo.silva@email.com', 2),
  (28, '2024-02-18', '16:00:00', 'rafaela.martins@email.com', 'ricardo.silva@email.com', 2),
  (29, '2024-02-20', '18:30:00', 'maria.silva@email.com', 'ricardo.silva@email.com', 39),
  (29, '2024-02-20', '19:00:00', 'maria.silva@email.com', 'ricardo.silva@email.com', 39),
  (29, '2024-02-20', '19:30:00', 'maria.silva@email.com', 'ricardo.silva@email.com', 39),
  (29, '2024-02-20', '20:00:00', 'maria.silva@email.com', 'ricardo.silva@email.com', 39),
  (30, '2024-02-20', '10:00:00', 'larissa.santos@email.com', 'anaclara@gmail.com', 38),
  (30, '2024-02-20', '10:30:00', 'larissa.santos@email.com', 'anaclara@gmail.com', 38),
  (30, '2024-02-20', '11:00:00', 'larissa.santos@email.com', 'anaclara@gmail.com', 38),
  (30, '2024-02-20', '11:30:00', 'larissa.santos@email.com', 'anaclara@gmail.com', 38),
  (30, '2024-02-20', '12:00:00', 'larissa.santos@email.com', 'anaclara@gmail.com', 38),
  (31, '2024-02-20', '12:30:00', 'maria.silva@email.com', 'marcos.antonio45@gmail.com', 36),
  (31, '2024-02-20', '13:00:00', 'maria.silva@email.com', 'marcos.antonio45@gmail.com', 36),
  (31, '2024-02-20', '13:30:00', 'maria.silva@email.com', 'marcos.antonio45@gmail.com', 36),
  (32, '2024-02-21', '14:00:00', 'ana.oliveira@email.com', 'roberto.pereira@email.com', 37),
  (32, '2024-02-21', '14:30:00', 'ana.oliveira@email.com', 'roberto.pereira@email.com', 37),
  (32, '2024-02-21', '15:00:00', 'ana.oliveira@email.com', 'roberto.pereira@email.com', 37),
  (32, '2024-02-21', '15:30:00', 'ana.oliveira@email.com', 'roberto.pereira@email.com', 37);


  INSERT INTO Produto (cd_produto, nm_produto, nm_marca_produto, dt_validade_produto, qt_produto_estoque, qt_produto_utilizado, vl_produto_estoque, qt_ml_produto, qt_kg_produto, qt_li_produto, nm_fornecedor_produto)
  VALUES
    (2, 'Removedor de Esmalte', 'Farmax', '2025-02-01', 15, 0, 5.00, 100, NULL, NULL, 'Farmax'),
    (3, 'Unha Postiça', 'Kiss New York', '2025-03-01', 10, 0, 10.00, NULL, NULL, NULL, 'Kiss New York'),
    (4, 'Unha de Gel', 'Kiss New York', '2025-04-01', 10, 0, 20.00, NULL, NULL, NULL, 'Kiss New York'),
    (5, 'Unha de Acrílico', 'Kiss New York', '2025-05-01', 10, 0, 18.00, NULL, NULL, NULL, 'Kiss New York'),
    (6, 'Fibra de Vidro para Unhas', 'Magic Nails', '2025-06-01', 8, 0, 25.00, NULL, NULL, NULL, 'Magic Nails'),
    (8, 'Máscara Hidratante Natura', 'Natura', '2025-03-01', 15, 8, 35.00, NULL, 0.5, NULL, 'Natura'),
    (9, 'Tintura de Cabelo Loreal', 'Loreal', '2025-04-01', 20, 0, 50.00, 50, NULL, NULL, 'Loreal'),
    (10, 'Shampoo Inoar', 'Inoar', '2025-05-01', 15, 0, 30.00, 300, NULL, NULL, 'Inoar'),
    (11, 'Condicionador Natura', 'Natura', '2025-06-01', 12, 4, 25.00, 300, NULL, NULL, 'Natura'),
    (12, 'Shampoo Tratamento Profundo', 'Pantene', '2025-10-01', 20, 0, 25.00, 300, NULL, NULL, 'Pantene'),
    (13, 'Condicionador Hidratante', 'Dove', '2025-11-01', 20, 0, 20.00, 300, NULL, NULL, 'Dove'),
    (14, 'Creme para Pentear', 'Garnier Fructis', '2025-12-01', 15, 0, 15.00, 200, NULL, NULL, 'Garnier Fructis'),
    (15, 'Máscara Capilar Nutritiva', 'Tresemmé', '2025-10-01', 10, 0, 30.00, NULL, 0.5, NULL, 'Tresemmé'),
    (16, 'Ampola Capilar Reconstrutora', 'Pantene', '2025-04-01', 10, 0, 12.00, 10, NULL, NULL, 'Pantene'),
    (17, 'Creme Hidratante Corporal', 'Nivea', '2025-12-01', 18, 0, 18.00, 300, NULL, NULL, 'Nivea'),
    (18, 'Protetor Solar FPS 30', 'Neutrogena', '2025-10-01', 25, 0, 40.00, 100, NULL, NULL, 'Neutrogena'),
    (19, 'Loção Pós-barba', 'Baruel', '2025-11-01', 20, 0, 15.00, 100, NULL, NULL, 'Baruel'),
    (20, 'Gel Fixador para Cabelo', 'Bozzano', '2025-12-01', 15, 0, 10.00, 100, NULL, NULL, 'Bozzano'),
    (21, 'Esmalte Risqué Azul', 'Risqué', '2025-07-01', 10, 0, 10.00, 10, NULL, NULL, 'Risqué'),
    (22, 'Esmalte Risqué Verde', 'Risqué', '2025-08-01', 10, 0, 10.00, 10, NULL, NULL, 'Risqué'),
    (23, 'Esmalte Risqué Rosa', 'Risqué', '2025-09-01', 10, 0, 10.00, 10, NULL, NULL, 'Risqué'),
    (24, 'Esmalte Risqué Vermelho', 'Risqué', '2025-09-22', 10, 0, 10.00, 10, NULL, NULL, 'Risqué'),
    (25, 'Esmalte Risqué Laranja', 'Risqué', '2025-07-01', 10, 0, 10.00, 10, NULL, NULL, 'Risqué'),
    (26, 'Esmalte Risqué Roxo', 'Risqué', '2025-11-01', 10, 0, 10.00, 10, NULL, NULL, 'Risqué'),
    (27, 'Esmalte Risqué Amarelo', 'Risqué', '2025-10-01', 10, 0, 10.00, 10, NULL, NULL, 'Risqué'),
    (28, 'Esmalte Risqué Rosa Pink', 'Risqué', '2025-12-01', 10, 0, 10.00, 10, NULL, NULL, 'Risqué'),
    (29, 'Esmalte Risqué Vermelho Paixão', 'Risqué', '2025-11-01', 10, 0, 10.00, 10, NULL, NULL, 'Risqué'),
    (30, 'Esmalte Risqué Laranja Siena', 'Risqué', '2025-12-01', 10, 0, 10.00, 10, NULL, NULL, 'Risqué'),
    (31, 'Esmalte Colorama Azul Celeste', 'Colorama', '2025-10-01', 12, 0, 8.00, 10, NULL, NULL, 'Colorama'),
    (32, 'Esmalte Colorama Verde Limão', 'Colorama', '2025-11-01', 15, 0, 8.00, 10, NULL, NULL, 'Colorama'),
    (33, 'Esmalte Colorama Rosa Pink', 'Colorama', '2025-12-01', 10, 0, 8.00, 10, NULL, NULL, 'Colorama'),
    (34, 'Esmalte Colorama Amarelo Solar', 'Colorama', '2025-10-01', 12, 0, 8.00, 10, NULL, NULL, 'Colorama'),
    (35, 'Esmalte Colorama Vermelho Paixão', 'Colorama', '2025-11-01', 15, 0, 8.00, 10, NULL, NULL, 'Colorama'),
    (36, 'Esmalte Colorama Laranja Siena', 'Colorama', '2025-12-01', 10, 0, 8.00, 10, NULL, NULL, 'Colorama'),
    (37, 'Esmalte Impala Rosa', 'Impala', '2025-07-01', 10, 0, 8.00, 10, NULL, NULL, 'Impala'),
    (38, 'Esmalte Impala Azul', 'Impala', '2025-08-01', 10, 0, 8.00, 10, NULL, NULL, 'Impala'),
    (39, 'Esmalte Impala Verde', 'Impala', '2025-09-01', 10, 0, 8.00, 10, NULL, NULL, 'Impala'),
    (40, 'Esmalte Impala Vermelho', 'Impala', '2025-09-22', 10, 0, 8.00, 10, NULL, NULL, 'Impala'),
    (41, 'Esmalte Impala Laranja', 'Impala', '2025-07-01', 10, 0, 8.00, 10, NULL, NULL, 'Impala'),
    (42, 'Esmalte Impala Roxo', 'Impala', '2025-11-01', 10, 0, 8.00, 10, NULL, NULL, 'Impala'),
    (43, 'Esmalte Impala Amarelo', 'Impala', '2025-10-01', 10, 0, 8.00, 10, NULL, NULL, 'Impala'),
    (44, 'Esmalte Impala Rosa Pink', 'Impala', '2025-12-01', 10, 0, 8.00, 10, NULL, NULL, 'Impala'),
    (45, 'Esmalte Impala Vermelho Paixão', 'Impala', '2025-11-01', 10, 0, 8.00, 10, NULL, NULL, 'Impala'),
    (46, 'Esmalte Impala Laranja Siena', 'Impala', '2025-12-01', 10, 0, 8.00, 10, NULL, NULL, 'Impala'),
    (47, 'Shampoo Pantene', 'Pantene', '2025-01-01', 10, 0, 12.00, 300, NULL, NULL, 'Pantene'),
    (48, 'Shampoo Tresemmé', 'Tresemmé', '2025-01-01', 10, 0, 15.00, 400, NULL, NULL, 'Tresemmé'),
    (49, 'Condicionador Dove', 'Dove', '2025-01-01', 10, 0, 12.00, 350, NULL, NULL, 'Dove'),
    (50, 'Condicionador Garnier Fructis', 'Garnier Fructis', '2025-01-01', 10, 0, 12.00, 350, NULL, NULL, 'Garnier Fructis'),
    (51, 'Creme de Hidratação Pantene', 'Pantene', '2025-01-01', 10, 0, 20.00, 500, NULL, NULL, 'Pantene'),
    (52, 'Creme de Hidratação Tresemmé', 'Tresemmé', '2025-01-01', 10, 0, 18.00, 450, NULL, NULL, 'Tresemmé'),
    (53, 'Máscara Capilar Reparadora', 'L''Oréal', '2025-01-01', 10, 0, 25.00, 500, NULL, NULL, 'L''Oréal'),
    (54, 'Máscara Capilar Reconstrutora', 'Wella', '2025-01-01', 10, 0, 28.00, 400, NULL, NULL, 'Wella'),
    (55, 'Máscara Capilar Hidratante', 'Pantene', '2025-01-01', 10, 0, 20.00, 450, NULL, NULL, 'Pantene'),
    (56, 'Máscara Capilar Nutritiva', 'Tresemmé', '2025-01-01', 10, 0, 30.00, 450, NULL, NULL, 'Tresemmé'),
    (57, 'Máscara Capilar Restauradora', 'Dove', '2025-01-01', 10, 0, 22.00, 400, NULL, NULL, 'Dove'),
    (58, 'Shampoo Garnier Fructis', 'Garnier Fructis', '2025-01-01', 10, 0, 12.00, 300, NULL, NULL, 'Garnier Fructis'),
    (59, 'Creme de Tratamento Intenso', 'Kérastase', '2025-01-01', 10, 0, 40.00, 500, NULL, NULL, 'Kérastase'),
    (60, 'Máscara Capilar de Hidratação Profunda', 'Redken', '2025-01-01', 10, 0, 35.00, 450, NULL, NULL, 'Redken'),
    (61, 'Unha Postiça Francesinha', 'Kiss New York', '2025-01-01', 10, 0, 15.00, NULL, NULL, NULL, 'Kiss New York'),
    (62, 'Unha Postiça Decorada', 'Impala', '2025-01-01', 10, 0, 20.00, NULL, NULL, NULL, 'Impala'),
    (63, 'Unha Postiça Natural', 'OPI', '2025-01-01', 10, 0, 18.00, NULL, NULL, NULL, 'OPI'),
    (64, 'Removedor de Esmalte com Óleo de Argan', 'Inoar', '2025-01-01', 10, 0, 7.00, 150, NULL, NULL, 'Inoar'),
    (65, 'Removedor de Esmalte Sem Acetona', 'Avon', '2025-01-01', 10, 0, 5.00, 200, NULL, NULL, 'Avon'),
    (66, 'Esmalte Sally Hansen Vermelho', 'Sally Hansen', '2025-01-01', 10, 0, 12.00, 10, NULL, NULL, 'Sally Hansen'),
    (67, 'Esmalte Essie Azul', 'Essie', '2025-01-01', 10, 0, 10.00, 10, NULL, NULL, 'Essie'),
    (68, 'Esmalte OPI Rosa', 'OPI', '2025-01-01', 10, 0, 11.00, 10, NULL, NULL, 'OPI'),
    (69, 'Shampoo Head & Shoulders', 'Head & Shoulders', '2025-01-01', 10, 0, 15.00, 400, NULL, NULL, 'Head & Shoulders'),
    (70, 'Shampoo Clear', 'Clear', '2025-01-01', 10, 0, 12.00, 300, NULL, NULL, 'Clear'),
    (71, 'Condicionador TRESemmé Keratin Smooth', 'TRESemmé', '2025-01-01', 10, 0, 18.00, 350, NULL, NULL, 'TRESemmé'),
    (72, 'Condicionador Herbal Essences', 'Herbal Essences', '2025-01-01', 10, 0, 16.00, 350, NULL, NULL, 'Herbal Essences'),
    (73, 'Tintura de Cabelo Schwarzkopf', 'Schwarzkopf', '2025-01-01', 10, 0, 25.00, 50, NULL, NULL, 'Schwarzkopf'),
    (74, 'Tintura de Cabelo Wella Professionals', 'Wella Professionals', '2025-01-01', 10, 0, 30.00, 50, NULL, NULL, 'Wella Professionals');
 

  INSERT INTO Especialidade_funcionario (nm_email_funcionario, cd_servico)
  VALUES

  ('ze.pedro@email.com', 4),
  ('ze.pedro@email.com', 16), 
  ('ze.pedro@email.com', 9), 
  ('ze.pedro@email.com', 10),
  ('ze.pedro@email.com', 11),
  ('ze.pedro@email.com', 12),
  ('ze.pedro@email.com', 17),

  ('anaclara@gmail.com', 6), 
  ('anaclara@gmail.com', 7), 
  ('anaclara@gmail.com', 20),
  ('anaclara@gmail.com', 21),
  ('anaclara@gmail.com', 22),
  ('anaclara@gmail.com', 23),
  ('anaclara@gmail.com', 24),
  ('anaclara@gmail.com', 25),
  ('anaclara@gmail.com', 38),

  ('carla.dias123@outlook.com', 23), 
  ('carla.dias123@outlook.com', 24), 
  ('carla.dias123@outlook.com', 26),
  ('carla.dias123@outlook.com', 27),
  ('carla.dias123@outlook.com', 28),

  ('carlos@uorak.com', 19),  
  ('carlos@uorak.com', 21),  
  ('carlos@uorak.com', 1), 
  ('carlos@uorak.com', 2), 
  ('carlos@uorak.com', 3), 
  ('carlos@uorak.com', 4), 
  ('carlos@uorak.com', 5), 
  ('carlos@uorak.com', 18),
  ('carlos@uorak.com', 22),
  ('carlos@uorak.com', 24),
  ('carlos@uorak.com', 27), 
   
  ('beatriz246@email.com', 20),  
  ('beatriz246@email.com', 33),
  ('beatriz246@email.com', 21),  
  ('beatriz246@email.com', 26),
  ('beatriz246@email.com', 29),  
  ('beatriz246@email.com', 30),
  ('beatriz246@email.com', 22),

  ('marcos.antonio45@gmail.com', 1), 
  ('marcos.antonio45@gmail.com', 4), 
  ('marcos.antonio45@gmail.com', 7),
  ('marcos.antonio45@gmail.com', 17), 
  ('marcos.antonio45@gmail.com', 36),  
  ('marcos.antonio45@gmail.com', 37),  
  ('marcos.antonio45@gmail.com', 38),  
  ('marcos.antonio45@gmail.com', 39),

  ('rafael@email.com', 13), 
  ('rafael@email.com', 14), 
  ('rafael@email.com', 15), 
  ('rafael@email.com', 16),
  ('rafael@email.com', 17),
  ('rafael@email.com', 18),
  ('rafael@email.com', 19),

  ('fernanda@email.com', 25), 
  ('fernanda@email.com', 26),
  ('fernanda@email.com', 27),
  ('fernanda@email.com', 34),
  ('fernanda@email.com', 33),

  ('gustavo@email.com', 6), 
  ('gustavo@email.com', 7), 
  ('gustavo@email.com', 8),
  ('gustavo@email.com', 9), 
  ('gustavo@email.com', 10),
  ('gustavo@email.com', 11), 
  ('gustavo@email.com', 12),
  ('gustavo@email.com', 15), 

  ('manuela@email.com', 23), 
  ('manuela@email.com', 24), 
  ('manuela@email.com', 25), 
  ('manuela@email.com', 26), 
  ('manuela@email.com', 27), 
  ('manuela@email.com', 28), 
  ('manuela@email.com', 31), 
  ('manuela@email.com', 32), 

  ('bernardo@email.com', 12), 
  ('bernardo@email.com', 16), 
  ('bernardo@email.com', 17),
  ('bernardo@email.com', 18), 
  ('bernardo@email.com', 19),
 
  ('patricia.oliveira@email.com', 30), 
  ('patricia.oliveira@email.com', 29), 
  ('patricia.oliveira@email.com', 31), 
  ('patricia.oliveira@email.com', 32), 
  ('patricia.oliveira@email.com', 33), 
  ('patricia.oliveira@email.com', 34), 
  ('patricia.oliveira@email.com', 35), 

  ('ryan.almeida@email.com', 18), 
  ('ryan.almeida@email.com', 7),
  ('ryan.almeida@email.com', 6),
  ('ryan.almeida@email.com', 8),
  ('ryan.almeida@email.com', 13),
  ('ryan.almeida@email.com', 14),

  ('carolina.lopes@email.com', 35),
  ('carolina.lopes@email.com', 34),
  ('carolina.lopes@email.com', 33),
  ('carolina.lopes@email.com', 24),
  ('carolina.lopes@email.com', 25),
  ('carolina.lopes@email.com', 27),
  ('carolina.lopes@email.com', 29),
  ('carolina.lopes@email.com', 30),
  ('carolina.lopes@email.com', 31),
  ('carolina.lopes@email.com', 32),

  ('antonio.almeida@email.com', 11),
  ('antonio.almeida@email.com', 12),
  ('antonio.almeida@email.com', 10),

  ('cristina.santos@email.com', 20),
  ('cristina.santos@email.com', 21),
  ('cristina.santos@email.com', 22),

  ('felipe.oliveira@email.com', 30),
  ('felipe.oliveira@email.com', 31),
  ('felipe.oliveira@email.com', 13),
  ('felipe.oliveira@email.com', 14),

  ('mariana.lima@email.com', 11),
  ('mariana.lima@email.com', 1),
  ('mariana.lima@email.com', 20),
  ('mariana.lima@email.com', 21),
  ('mariana.lima@email.com', 19),
  ('mariana.lima@email.com', 18),

  ('roberto.pereira@email.com', 14),
  ('roberto.pereira@email.com', 13),
  ('roberto.pereira@email.com', 36),  
  ('roberto.pereira@email.com', 37),

  ('juliana.costa@email.com', 23),
  ('juliana.costa@email.com', 24),
  ('juliana.costa@email.com', 25),

  ('ricardo.silva@email.com', 1), 
  ('ricardo.silva@email.com', 2), 
  ('ricardo.silva@email.com', 3), 
  ('ricardo.silva@email.com', 4),
  ('ricardo.silva@email.com', 5),
  ('ricardo.silva@email.com', 38), 
  ('ricardo.silva@email.com', 39);



 INSERT INTO Itens_agendamento (cd_agendamento, cd_produto, cd_servico, hr_agendamento, dt_agendamento)
VALUES
    (11, 2, 17, '17:00:00', '2024-01-21'),
    (12, 2, 17, '09:00:00', '2024-01-26'),
    (50, 9, 9, '13:00:00', '2024-01-18'),
    (73, 9, 9, '13:30:00', '2024-01-18'),
    (17, 15, 7, '13:00:00', '2024-02-02'),
    (18, 15, 7, '13:30:00', '2024-02-02'),
    (21, 20, 21, '17:00:00', '2024-02-09'),
    (24, 20, 21, '17:30:00', '2024-02-09'),
    (23, 21, 23, '10:00:00', '2024-02-11'),
    (26, 21, 23, '10:30:00', '2024-02-11'),
    (3, 3, 3, '13:00:00', '2024-01-10'),
    (4, 3, 3, '13:30:00', '2024-01-10'),
    (13, 14, 13, '10:30:00', '2024-01-25'),
    (14, 14, 13, '11:00:00', '2024-01-25'),
    (6, 22, 6, '10:00:00', '2024-01-21'),
    (6, 23, 6, '11:00:00', '2024-01-21'),
    (6, 24, 6, '11:30:00', '2024-01-21'),
    (7, 27, 7, '10:00:00', '2024-01-17'),
    (7, 28, 7, '10:30:00', '2024-01-17'),
    (6, 30, 6, '11:00:00', '2024-02-19'),
    (7, 31, 7, '12:00:00', '2024-02-19'),
    (12, 32, 12, '14:00:00', '2024-02-19'),
    (17, 33, 17, '13:00:00', '2024-01-21'),
    (24, 34, 24, '10:00:00', '2024-01-18'),
    (3, 35, 3, '12:30:00', '2024-01-28'),
    (11, 36, 11, '13:00:00', '2024-02-19'),
    (13, 37, 13, '14:00:00', '2024-02-19'),
    (14, 38, 14, '11:00:00', '2024-01-25'),
    (21, 39, 21, '13:00:00', '2024-02-19'),
    (23, 40, 23, '10:00:00', '2024-02-11'),
    (26, 41, 26, '10:30:00', '2024-01-21'),
    (3, 42, 3, '10:00:00', '2024-01-10'),
    (4, 43, 4, '10:30:00', '2024-01-10'),
    (13, 44, 13, '09:00:00', '2024-01-25'),
    (14, 45, 14, '09:30:00', '2024-01-25'),
    (21, 46, 21, '17:00:00', '2024-02-09'),
    (23, 47, 23, '11:00:00', '2024-02-11'),
    (26, 48, 26, '09:30:00', '2024-02-17');

INSERT INTO Disponibilidade (cd_disponibilidade, dt_inicio_disponibilidade, hr_inicio_disponibilidade, dt_fim_disponibilidade, hr_fim_disponibilidade, nm_periodo_disponibilidade)
VALUES

-- Domingos --
  (1, '2024-10-06', '08:00:00', '2024-10-06', '12:00:00', 'Manhã'),
  (2, '2024-10-06', '13:00:00', '2024-10-06', '17:00:00', 'Tarde'),
  (3, '2024-10-06', '17:00:00', '2024-10-06', '20:00:00', 'Noite'),
  (4, '2024-10-13', '08:00:00', '2024-10-13', '12:00:00', 'Manhã'),
  (5, '2024-10-13', '13:00:00', '2024-10-13', '17:00:00', 'Tarde'),
  (6, '2024-10-13', '17:00:00', '2024-10-13', '20:00:00', 'Noite'),
  (7, '2024-10-20', '08:00:00', '2024-10-20', '12:00:00', 'Manhã'),
  (8, '2024-10-20', '13:00:00', '2024-10-20', '17:00:00', 'Tarde'),
  (9, '2024-10-20', '17:00:00', '2024-10-20', '20:00:00', 'Noite'),
  (10, '2024-10-27', '08:00:00', '2024-10-27', '12:00:00', 'Manhã'),
  (11, '2024-10-27', '13:00:00', '2024-10-27', '17:00:00', 'Tarde'),
  (12, '2024-10-27', '17:00:00', '2024-10-27', '20:00:00', 'Noite'),

  (13, '2024-11-03', '08:00:00', '2024-11-03', '12:00:00', 'Manhã'),
  (14, '2024-11-03', '13:00:00', '2024-11-03', '17:00:00', 'Tarde'),
  (15, '2024-11-03', '17:00:00', '2024-11-03', '20:00:00', 'Noite'),
  (16, '2024-11-10', '08:00:00', '2024-11-10', '12:00:00', 'Manhã'),
  (17, '2024-11-10', '13:00:00', '2024-11-10', '17:00:00', 'Tarde'),
  (18, '2024-11-10', '17:00:00', '2024-11-10', '20:00:00', 'Noite'),
  (19, '2024-11-17', '08:00:00', '2024-11-17', '12:00:00', 'Manhã'),
  (20, '2024-11-17', '13:00:00', '2024-11-17', '17:00:00', 'Tarde'),
  (21, '2024-11-17', '17:00:00', '2024-11-17', '20:00:00', 'Noite'),
  (22, '2024-11-24', '08:00:00', '2024-11-24', '12:00:00', 'Manhã'),
  (23, '2024-11-24', '13:00:00', '2024-11-24', '17:00:00', 'Tarde'),
  (24, '2024-11-24', '17:00:00', '2024-11-24', '20:00:00', 'Noite'),

-- Terças --
  (25, '2024-10-01', '08:00:00', '2024-10-01', '12:00:00', 'Manhã'),
  (26, '2024-10-01', '13:00:00', '2024-10-01', '17:00:00', 'Tarde'),
  (27, '2024-10-01', '17:00:00', '2024-10-01', '20:00:00', 'Noite'),
  (28, '2024-10-08', '08:00:00', '2024-10-08', '12:00:00', 'Manhã'),
  (29, '2024-10-08', '13:00:00', '2024-10-08', '17:00:00', 'Tarde'),
  (30, '2024-10-08', '17:00:00', '2024-10-08', '20:00:00', 'Noite'),
  (31, '2024-10-15', '08:00:00', '2024-10-15', '12:00:00', 'Manhã'),
  (32, '2024-10-15', '13:00:00', '2024-10-15', '17:00:00', 'Tarde'),
  (33, '2024-10-15', '17:00:00', '2024-10-15', '20:00:00', 'Noite'),
  (34, '2024-10-22', '08:00:00', '2024-10-22', '12:00:00', 'Manhã'),
  (35, '2024-10-22', '13:00:00', '2024-10-22', '17:00:00', 'Tarde'),
  (36, '2024-10-22', '17:00:00', '2024-10-22', '20:00:00', 'Noite'),
  (37, '2024-10-29', '08:00:00', '2024-10-29', '12:00:00', 'Manhã'),
  (38, '2024-10-29', '13:00:00', '2024-10-29', '17:00:00', 'Tarde'),
  (39, '2024-10-29', '17:00:00', '2024-10-29', '20:00:00', 'Noite'),
  
  (40, '2024-11-05', '08:00:00', '2024-11-05', '12:00:00', 'Manhã'),
  (41, '2024-11-05', '13:00:00', '2024-11-05', '17:00:00', 'Tarde'),
  (42, '2024-11-05', '17:00:00', '2024-11-05', '20:00:00', 'Noite'),
  (43, '2024-11-12', '08:00:00', '2024-11-12', '12:00:00', 'Manhã'),
  (44, '2024-11-12', '13:00:00', '2024-11-12', '17:00:00', 'Tarde'),
  (45, '2024-11-12', '17:00:00', '2024-11-12', '20:00:00', 'Noite'),
  (46, '2024-11-19', '08:00:00', '2024-11-19', '12:00:00', 'Manhã'),
  (47, '2024-11-19', '13:00:00', '2024-11-19', '17:00:00', 'Tarde'),
  (48, '2024-11-19', '17:00:00', '2024-11-19', '20:00:00', 'Noite'),
  (49, '2024-11-26', '08:00:00', '2024-11-26', '12:00:00', 'Manhã'),
  (50, '2024-11-26', '13:00:00', '2024-11-26', '17:00:00', 'Tarde'),
  (51, '2024-11-26', '17:00:00', '2024-11-26', '20:00:00', 'Noite'),

-- Quartas --
  (52, '2024-10-02', '08:00:00', '2024-10-02', '12:00:00', 'Manhã'),
  (53, '2024-10-02', '13:00:00', '2024-10-02', '17:00:00', 'Tarde'),
  (54, '2024-10-02', '17:00:00', '2024-10-02', '20:00:00', 'Noite'),
  (55, '2024-10-09', '08:00:00', '2024-10-09', '12:00:00', 'Manhã'),
  (56, '2024-10-09', '13:00:00', '2024-10-09', '17:00:00', 'Tarde'),
  (57, '2024-10-09', '17:00:00', '2024-10-09', '20:00:00', 'Noite'),
  (58, '2024-10-16', '08:00:00', '2024-10-16', '12:00:00', 'Manhã'),
  (59, '2024-10-16', '13:00:00', '2024-10-16', '17:00:00', 'Tarde'),
  (60, '2024-10-16', '17:00:00', '2024-10-16', '20:00:00', 'Noite'),
  (61, '2024-10-23', '08:00:00', '2024-10-23', '12:00:00', 'Manhã'),
  (62, '2024-10-23', '13:00:00', '2024-10-23', '17:00:00', 'Tarde'),
  (63, '2024-10-23', '17:00:00', '2024-10-23', '20:00:00', 'Noite'),
  (64, '2024-10-30', '08:00:00', '2024-10-30', '12:00:00', 'Manhã'),
  (65, '2024-10-30', '13:00:00', '2024-10-30', '17:00:00', 'Tarde'),
  (66, '2024-10-30', '17:00:00', '2024-10-30', '20:00:00', 'Noite'),
  
  (67, '2024-11-06', '08:00:00', '2024-11-06', '12:00:00', 'Manhã'),
  (68, '2024-11-06', '13:00:00', '2024-11-06', '17:00:00', 'Tarde'),
  (69, '2024-11-06', '17:00:00', '2024-11-06', '20:00:00', 'Noite'),
  (70, '2024-11-13', '08:00:00', '2024-11-13', '12:00:00', 'Manhã'),
  (71, '2024-11-13', '13:00:00', '2024-11-13', '17:00:00', 'Tarde'),
  (72, '2024-11-13', '17:00:00', '2024-11-13', '20:00:00', 'Noite'),
  (73, '2024-11-20', '08:00:00', '2024-11-20', '12:00:00', 'Manhã'),
  (74, '2024-11-20', '13:00:00', '2024-11-20', '17:00:00', 'Tarde'),
  (75, '2024-11-20', '17:00:00', '2024-11-20', '20:00:00', 'Noite'),
  (76, '2024-11-27', '08:00:00', '2024-11-27', '12:00:00', 'Manhã'),
  (77, '2024-11-27', '13:00:00', '2024-11-27', '17:00:00', 'Tarde'),
  (78, '2024-11-27', '17:00:00', '2024-11-27', '20:00:00', 'Noite'),

-- Quintas --
  (79, '2024-10-03', '08:00:00', '2024-10-03', '12:00:00', 'Manhã'),
  (80, '2024-10-03', '13:00:00', '2024-10-03', '17:00:00', 'Tarde'),
  (81, '2024-10-03', '17:00:00', '2024-10-03', '20:00:00', 'Noite'),
  (82, '2024-10-10', '08:00:00', '2024-10-10', '12:00:00', 'Manhã'),
  (83, '2024-10-10', '13:00:00', '2024-10-10', '17:00:00', 'Tarde'),
  (84, '2024-10-10', '17:00:00', '2024-10-10', '20:00:00', 'Noite'),
  (85, '2024-10-17', '08:00:00', '2024-10-17', '12:00:00', 'Manhã'),
  (86, '2024-10-17', '13:00:00', '2024-10-17', '17:00:00', 'Tarde'),
  (87, '2024-10-17', '17:00:00', '2024-10-17', '20:00:00', 'Noite'),
  (88, '2024-10-24', '08:00:00', '2024-10-24', '12:00:00', 'Manhã'),
  (89, '2024-10-24', '13:00:00', '2024-10-24', '17:00:00', 'Tarde'),
  (90, '2024-10-24', '17:00:00', '2024-10-24', '20:00:00', 'Noite'),
  (151, '2024-10-31', '08:00:00', '2024-10-31', '12:00:00', 'Manhã'),
  (152, '2024-10-31', '13:00:00', '2024-10-31', '17:00:00', 'Tarde'),
  (153, '2024-10-31', '17:00:00', '2024-10-31', '20:00:00', 'Noite'),

  (91, '2024-11-07', '08:00:00', '2024-11-07', '12:00:00', 'Manhã'),
  (92, '2024-11-07', '13:00:00', '2024-11-07', '17:00:00', 'Tarde'),
  (93, '2024-11-07', '17:00:00', '2024-11-07', '20:00:00', 'Noite'),
  (94, '2024-11-14', '08:00:00', '2024-11-14', '12:00:00', 'Manhã'),
  (95, '2024-11-14', '13:00:00', '2024-11-14', '17:00:00', 'Tarde'),
  (96, '2024-11-14', '17:00:00', '2024-11-14', '20:00:00', 'Noite'),
  (97, '2024-11-21', '08:00:00', '2024-11-21', '12:00:00', 'Manhã'),
  (98, '2024-11-21', '13:00:00', '2024-11-21', '17:00:00', 'Tarde'),
  (99, '2024-11-21', '17:00:00', '2024-11-21', '20:00:00', 'Noite'),
  (100, '2024-11-28', '08:00:00', '2024-11-28', '12:00:00', 'Manhã'),
  (101, '2024-11-28', '13:00:00', '2024-11-28', '17:00:00', 'Tarde'),
  (102, '2024-11-28', '17:00:00', '2024-11-28', '20:00:00', 'Noite'),

-- Sextas --
  (103, '2024-10-04', '08:00:00', '2024-10-04', '12:00:00', 'Manhã'),
  (104, '2024-10-04', '13:00:00', '2024-10-04', '17:00:00', 'Tarde'),
  (105, '2024-10-04', '17:00:00', '2024-10-04', '20:00:00', 'Noite'),
  (106, '2024-10-11', '08:00:00', '2024-10-11', '12:00:00', 'Manhã'),
  (107, '2024-10-11', '13:00:00', '2024-10-11', '17:00:00', 'Tarde'),
  (108, '2024-10-11', '17:00:00', '2024-10-11', '20:00:00', 'Noite'),
  (109, '2024-10-18', '08:00:00', '2024-10-18', '12:00:00', 'Manhã'),
  (110, '2024-10-18', '13:00:00', '2024-10-18', '17:00:00', 'Tarde'),
  (111, '2024-10-18', '17:00:00', '2024-10-18', '20:00:00', 'Noite'),
  (112, '2024-10-25', '08:00:00', '2024-10-25', '12:00:00', 'Manhã'),
  (113, '2024-10-25', '13:00:00', '2024-10-25', '17:00:00', 'Tarde'),
  (114, '2024-10-25', '17:00:00', '2024-10-25', '20:00:00', 'Noite'),

  (115, '2024-11-02', '08:00:00', '2024-11-02', '12:00:00', 'Manhã'),
  (116, '2024-11-02', '13:00:00', '2024-11-02', '17:00:00', 'Tarde'),
  (117, '2024-11-02', '17:00:00', '2024-11-02', '20:00:00', 'Noite'),
  (118, '2024-11-09', '08:00:00', '2024-11-09', '12:00:00', 'Manhã'),
  (119, '2024-11-09', '13:00:00', '2024-11-09', '17:00:00', 'Tarde'),
  (120, '2024-11-09', '17:00:00', '2024-11-09', '20:00:00', 'Noite'),
  (121, '2024-11-16', '08:00:00', '2024-11-16', '12:00:00', 'Manhã'),
  (122, '2024-11-16', '13:00:00', '2024-11-16', '17:00:00', 'Tarde'),
  (123, '2024-11-16', '17:00:00', '2024-11-16', '20:00:00', 'Noite'),
  (124, '2024-11-23', '08:00:00', '2024-11-23', '12:00:00', 'Manhã'),
  (125, '2024-11-23', '13:00:00', '2024-11-23', '17:00:00', 'Tarde'),
  (126, '2024-11-23', '17:00:00', '2024-11-23', '20:00:00', 'Noite'),

-- Sábados --
  (127, '2024-10-05', '08:00:00', '2024-10-05', '12:00:00', 'Manhã'),
  (128, '2024-10-05', '13:00:00', '2024-10-05', '17:00:00', 'Tarde'),
  (129, '2024-10-05', '17:00:00', '2024-10-05', '20:00:00', 'Noite'),
  (130, '2024-10-12', '08:00:00', '2024-10-12', '12:00:00', 'Manhã'),
  (131, '2024-10-12', '13:00:00', '2024-10-12', '17:00:00', 'Tarde'),
  (132, '2024-10-12', '17:00:00', '2024-10-12', '20:00:00', 'Noite'),
  (133, '2024-10-19', '08:00:00', '2024-10-19', '12:00:00', 'Manhã'),
  (134, '2024-10-19', '13:00:00', '2024-10-19', '17:00:00', 'Tarde'),
  (135, '2024-10-19', '17:00:00', '2024-10-19', '20:00:00', 'Noite'),
  (136, '2024-10-26', '08:00:00', '2024-10-26', '12:00:00', 'Manhã'),
  (137, '2024-10-26', '13:00:00', '2024-10-26', '17:00:00', 'Tarde'),
  (138, '2024-10-26', '17:00:00', '2024-10-26', '20:00:00', 'Noite'),

  (139, '2024-11-03', '08:00:00', '2024-11-03', '12:00:00', 'Manhã'),
  (140, '2024-11-03', '13:00:00', '2024-11-03', '17:00:00', 'Tarde'),
  (141, '2024-11-03', '17:00:00', '2024-11-03', '20:00:00', 'Noite'),
  (142, '2024-11-10', '08:00:00', '2024-11-10', '12:00:00', 'Manhã'),
  (143, '2024-11-10', '13:00:00', '2024-11-10', '17:00:00', 'Tarde'),
  (144, '2024-11-10', '17:00:00', '2024-11-10', '20:00:00', 'Noite'),
  (145, '2024-11-17', '08:00:00', '2024-11-17', '12:00:00', 'Manhã'),
  (146, '2024-11-17', '13:00:00', '2024-11-17', '17:00:00', 'Tarde'),
  (147, '2024-11-17', '17:00:00', '2024-11-17', '20:00:00', 'Noite'),
  (148, '2024-11-24', '08:00:00', '2024-11-24', '12:00:00', 'Manhã'),
  (149, '2024-11-24', '13:00:00', '2024-11-24', '17:00:00', 'Tarde'),
  (150, '2024-11-24', '17:00:00', '2024-11-24', '20:00:00', 'Noite');


INSERT INTO Disponibilidade_funcionario (cd_disponibilidade_funcionario, nm_email_funcionario)
VALUES

  -- Zé Pedro - Domingo manhã, Terçã Tarde e Noite e Quinta Manhã
  (1, 'ze.pedro@email.com'),  
  (4, 'ze.pedro@email.com'),
  (7, 'ze.pedro@email.com'),
  (10, 'ze.pedro@email.com'),
  (13, 'ze.pedro@email.com'),  
  (16, 'ze.pedro@email.com'),
  (19, 'ze.pedro@email.com'),
  (22, 'ze.pedro@email.com'),

 (26, 'ze.pedro@email.com'),
 (27, 'ze.pedro@email.com'),
  (29, 'ze.pedro@email.com'),
  (30, 'ze.pedro@email.com'),
  (32, 'ze.pedro@email.com'),
  (33, 'ze.pedro@email.com'),
  (35, 'ze.pedro@email.com'),
  (36, 'ze.pedro@email.com'),
  (38, 'ze.pedro@email.com'),
  (39, 'ze.pedro@email.com'),
  (41, 'ze.pedro@email.com'),
  (42, 'ze.pedro@email.com'),
  (44, 'ze.pedro@email.com'),
  (45, 'ze.pedro@email.com'),
  (47, 'ze.pedro@email.com'),
  (48, 'ze.pedro@email.com'),
  (50, 'ze.pedro@email.com'),
  (51, 'ze.pedro@email.com'),

  (79, 'ze.pedro@email.com'),
  (82, 'ze.pedro@email.com'),
  (85, 'ze.pedro@email.com'),
  (88, 'ze.pedro@email.com'),
  (91, 'ze.pedro@email.com'),
  (94, 'ze.pedro@email.com'),
  (97, 'ze.pedro@email.com'),
  (100, 'ze.pedro@email.com'),

(151, 'ze.pedro@email.com'),




  -- Ana Clara - Terça manhã, Sexta Tarde e Noite

  (25, 'anaclara@gmail.com'),  
  (28, 'anaclara@gmail.com'),
  (31, 'anaclara@gmail.com'),
  (34, 'anaclara@gmail.com'),
  (37, 'anaclara@gmail.com'),
  (40, 'anaclara@gmail.com'),
  (43, 'anaclara@gmail.com'),
  (46, 'anaclara@gmail.com'),
  (49, 'anaclara@gmail.com'),

  (104, 'anaclara@gmail.com'),
  (105, 'anaclara@gmail.com'),
  (107, 'anaclara@gmail.com'), 
  (108, 'anaclara@gmail.com'), 
  (110, 'anaclara@gmail.com'), 
  (111, 'anaclara@gmail.com'), 
  (113, 'anaclara@gmail.com'), 
  (114, 'anaclara@gmail.com'), 
  (116, 'anaclara@gmail.com'),
  (117, 'anaclara@gmail.com'),
  (119, 'anaclara@gmail.com'), 
  (120, 'anaclara@gmail.com'), 
  (122, 'anaclara@gmail.com'), 
  (123, 'anaclara@gmail.com'), 
  (125, 'anaclara@gmail.com'), 
  (126, 'anaclara@gmail.com'), 
  
  -- Carla Dias - Quarta tarde e noite

  (53, 'carla.dias123@outlook.com'), 
  (54, 'carla.dias123@outlook.com'), 
  (56, 'carla.dias123@outlook.com'), 
  (57, 'carla.dias123@outlook.com'), 
  (59, 'carla.dias123@outlook.com'), 
  (60, 'carla.dias123@outlook.com'), 
  (62, 'carla.dias123@outlook.com'), 
  (63, 'carla.dias123@outlook.com'), 
  (65, 'carla.dias123@outlook.com'), 
  (66, 'carla.dias123@outlook.com'), 
  (68, 'carla.dias123@outlook.com'), 
  (69, 'carla.dias123@outlook.com'), 
  (71, 'carla.dias123@outlook.com'), 
  (72, 'carla.dias123@outlook.com'), 
  (74, 'carla.dias123@outlook.com'), 
  (75, 'carla.dias123@outlook.com'),
  (77, 'carla.dias123@outlook.com'), 
  (78, 'carla.dias123@outlook.com'),


  -- Carlos - Sexta e Domingo tarde e noite

  (104, 'carlos@uorak.com'),
  (105, 'carlos@uorak.com'),
  (107, 'carlos@uorak.com'), 
  (108, 'carlos@uorak.com'), 
  (110, 'carlos@uorak.com'), 
  (111, 'carlos@uorak.com'), 
  (113, 'carlos@uorak.com'), 
  (114, 'carlos@uorak.com'), 
  (116, 'carlos@uorak.com'),
  (117, 'carlos@uorak.com'),
  (119, 'carlos@uorak.com'), 
  (120, 'carlos@uorak.com'), 
  (122, 'carlos@uorak.com'), 
  (123, 'carlos@uorak.com'), 
  (125, 'carlos@uorak.com'), 
  (126, 'carlos@uorak.com'), 

  (2, 'carlos@uorak.com'), 
  (3, 'carlos@uorak.com'), 
  (5, 'carlos@uorak.com'), 
  (6, 'carlos@uorak.com'), 
  (8, 'carlos@uorak.com'), 
  (9, 'carlos@uorak.com'), 
  (11, 'carlos@uorak.com'), 
  (12, 'carlos@uorak.com'), 
  (14, 'carlos@uorak.com'), 
  (15, 'carlos@uorak.com'), 
  (17, 'carlos@uorak.com'), 
  (18, 'carlos@uorak.com'), 
  (20, 'carlos@uorak.com'), 
  (21, 'carlos@uorak.com'), 
  (23, 'carlos@uorak.com'), 
  (24, 'carlos@uorak.com'), 
 
  
  -- Beatriz - Sexta de Tarde e Noite

  (104, 'beatriz246@email.com'),
  (105, 'beatriz246@email.com'),
  (107, 'beatriz246@email.com'), 
  (108, 'beatriz246@email.com'), 
  (110, 'beatriz246@email.com'), 
  (111, 'beatriz246@email.com'), 
  (113, 'beatriz246@email.com'), 
  (114, 'beatriz246@email.com'), 
  (116, 'beatriz246@email.com'),
  (117, 'beatriz246@email.com'),
  (119, 'beatriz246@email.com'), 
  (120, 'beatriz246@email.com'), 
  (122, 'beatriz246@email.com'), 
  (123, 'beatriz246@email.com'), 
  (125, 'beatriz246@email.com'), 
  (126, 'beatriz246@email.com'), 


  -- Marcos Antônio - Domingo e Terça de manhã

  (1, 'marcos.antonio45@gmail.com'),  
  (4, 'marcos.antonio45@gmail.com'),
  (7, 'marcos.antonio45@gmail.com'),
  (10, 'marcos.antonio45@gmail.com'),
  (13, 'marcos.antonio45@gmail.com'),  
  (16, 'marcos.antonio45@gmail.com'),
  (19, 'marcos.antonio45@gmail.com'),
  (22, 'marcos.antonio45@gmail.com'),


  (25, 'marcos.antonio45@gmail.com'),  
  (28, 'marcos.antonio45@gmail.com'),
  (31, 'marcos.antonio45@gmail.com'),
  (34, 'marcos.antonio45@gmail.com'),
  (37, 'marcos.antonio45@gmail.com'),
  (40, 'marcos.antonio45@gmail.com'),
  (43, 'marcos.antonio45@gmail.com'),
  (46, 'marcos.antonio45@gmail.com'),
  (49, 'marcos.antonio45@gmail.com'),

  

  -- Rafael - Quarta manhã, tarde e noite e Quinta manha



  (52, 'rafael@email.com'),
  (53, 'rafael@email.com'), 
  (54, 'rafael@email.com'),
  (55, 'rafael@email.com'), 
  (56, 'rafael@email.com'), 
  (57, 'rafael@email.com'), 
  (58, 'rafael@email.com'),
  (59, 'rafael@email.com'), 
  (60, 'rafael@email.com'), 
  (61, 'rafael@email.com'),
  (62, 'rafael@email.com'), 
  (63, 'rafael@email.com'), 
  (64, 'rafael@email.com'),
  (65, 'rafael@email.com'), 
  (66, 'rafael@email.com'), 
  (67, 'rafael@email.com'),
  (68, 'rafael@email.com'), 
  (69, 'rafael@email.com'), 
  (70, 'rafael@email.com'),
  (71, 'rafael@email.com'), 
  (72, 'rafael@email.com'), 
  (73, 'rafael@email.com'),
  (74, 'rafael@email.com'), 
  (75, 'rafael@email.com'),
  (76, 'rafael@email.com'),
  (77, 'rafael@email.com'), 
  (78, 'rafael@email.com'),
  (79, 'rafael@email.com'),
  (82, 'rafael@email.com'),
  (85, 'rafael@email.com'),
  (88, 'rafael@email.com'),
  (91, 'rafael@email.com'),
  (94, 'rafael@email.com'),
  (97, 'rafael@email.com'),
  (100, 'rafael@email.com'),

  (151, 'rafael@email.com'),



  -- Fernanda - Terça Manhã, Tarde e Noite
  


  (25, 'fernanda@email.com'),  
  (26, 'fernanda@email.com'),
  (27, 'fernanda@email.com'),
  (28, 'fernanda@email.com'),
  (29, 'fernanda@email.com'),
  (30, 'fernanda@email.com'),
  (31, 'fernanda@email.com'),
  (32, 'fernanda@email.com'),
  (33, 'fernanda@email.com'),
  (34, 'fernanda@email.com'),
  (35, 'fernanda@email.com'),
  (36, 'fernanda@email.com'),
  (37, 'fernanda@email.com'),
  (38, 'fernanda@email.com'),
  (39, 'fernanda@email.com'),
  (40, 'fernanda@email.com'),
  (41, 'fernanda@email.com'),
  (42, 'fernanda@email.com'),
  (43, 'fernanda@email.com'),
  (44, 'fernanda@email.com'),
  (45, 'fernanda@email.com'),
  (46, 'fernanda@email.com'),
  (47, 'fernanda@email.com'),
  (48, 'fernanda@email.com'),
  (49, 'fernanda@email.com'),
  (50, 'fernanda@email.com'),
  (51, 'fernanda@email.com'),
  
  
  

  -- Gustavo - Quinta manhã, Tarde e Noite

  (79, 'gustavo@email.com'),
  (80, 'gustavo@email.com'),
  (81, 'gustavo@email.com'),
  (82, 'gustavo@email.com'),
  (83, 'gustavo@email.com'),
  (84, 'gustavo@email.com'),
  (85, 'gustavo@email.com'),
  (86, 'gustavo@email.com'),
  (87, 'gustavo@email.com'),
  (88, 'gustavo@email.com'),
  (89, 'gustavo@email.com'),
  (90, 'gustavo@email.com'),
  (91, 'gustavo@email.com'),
  (92, 'gustavo@email.com'),
  (93, 'gustavo@email.com'),
  (94, 'gustavo@email.com'),
  (95, 'gustavo@email.com'),
  (96, 'gustavo@email.com'),
  (97, 'gustavo@email.com'),
  (98, 'gustavo@email.com'),
  (99, 'gustavo@email.com'),
  (100, 'gustavo@email.com'),
  (101, 'gustavo@email.com'),
  (102, 'gustavo@email.com'),
(151, 'gustavo@email.com'),
(152, 'gustavo@email.com'),
 (153, 'gustavo@email.com'),

  -- Manuela - Terça manhã, Tarde e Noite

  (25, 'manuela@email.com'),  
  (26, 'manuela@email.com'),
  (27, 'manuela@email.com'),
  (28, 'manuela@email.com'),
  (29, 'manuela@email.com'),
  (30, 'manuela@email.com'),
  (31, 'manuela@email.com'),
  (32, 'manuela@email.com'),
  (33, 'manuela@email.com'),
  (34, 'manuela@email.com'),
  (35, 'manuela@email.com'),
  (36, 'manuela@email.com'),
  (37, 'manuela@email.com'),
  (38, 'manuela@email.com'),
  (39, 'manuela@email.com'),
  (40, 'manuela@email.com'),
  (41, 'manuela@email.com'),
  (42, 'manuela@email.com'),
  (43, 'manuela@email.com'),
  (44, 'manuela@email.com'),
  (45, 'manuela@email.com'),
  (46, 'manuela@email.com'),
  (47, 'manuela@email.com'),
  (48, 'manuela@email.com'),
  (49, 'manuela@email.com'),
  (50, 'manuela@email.com'),
  (51, 'manuela@email.com'),



  -- Patrícia Oliveira - Quinta tarde e Noite, Sexta manhã


  (80, 'patricia.oliveira@email.com'),
  (81, 'patricia.oliveira@email.com'),
  (83, 'patricia.oliveira@email.com'),
  (84, 'patricia.oliveira@email.com'),
  (86, 'patricia.oliveira@email.com'),
  (87, 'patricia.oliveira@email.com'),
  (89, 'patricia.oliveira@email.com'),
  (90, 'patricia.oliveira@email.com'),
  (92, 'patricia.oliveira@email.com'),
  (93, 'patricia.oliveira@email.com'),
  (95, 'patricia.oliveira@email.com'),
  (96, 'patricia.oliveira@email.com'),
  (98, 'patricia.oliveira@email.com'),
  (99, 'patricia.oliveira@email.com'),
  (101, 'patricia.oliveira@email.com'),
  (102, 'patricia.oliveira@email.com'),


   (103, 'patricia.oliveira@email.com'),
   (106, 'patricia.oliveira@email.com'),
   (109, 'patricia.oliveira@email.com'),
   (112, 'patricia.oliveira@email.com'),
   (115, 'patricia.oliveira@email.com'),
   (118, 'patricia.oliveira@email.com'),
   (121, 'patricia.oliveira@email.com'),
   (124, 'patricia.oliveira@email.com'),

(152, 'patricia.oliveira@email.com'),
(153, 'patricia.oliveira@email.com'),



  -- Ryan Almeida - Quinta manhã, tarde e noite

  (79, 'ryan.almeida@email.com'),
  (80, 'ryan.almeida@email.com'),
  (81, 'ryan.almeida@email.com'),
  (82, 'ryan.almeida@email.com'),
  (83, 'ryan.almeida@email.com'),
  (84, 'ryan.almeida@email.com'),
  (85, 'ryan.almeida@email.com'),
  (86, 'ryan.almeida@email.com'),
  (87, 'ryan.almeida@email.com'),
  (88, 'ryan.almeida@email.com'),
  (89, 'ryan.almeida@email.com'),
  (90, 'ryan.almeida@email.com'),
  (91, 'ryan.almeida@email.com'),
  (92, 'ryan.almeida@email.com'),
  (93, 'ryan.almeida@email.com'),
  (94, 'ryan.almeida@email.com'),
  (95, 'ryan.almeida@email.com'),
  (96, 'ryan.almeida@email.com'),
  (97, 'ryan.almeida@email.com'),
  (98, 'ryan.almeida@email.com'),
  (99, 'ryan.almeida@email.com'),
  (100, 'ryan.almeida@email.com'),
  (101, 'ryan.almeida@email.com'),
  (102, 'ryan.almeida@email.com'),

  (151, 'ryan.almeida@email.com'),
  (152, 'ryan.almeida@email.com'),
  (153, 'ryan.almeida@email.com'),


  -- Carolina Lopes - Domingo manhã, Tarde e noite

  (1, 'carolina.lopes@email.com'),
  (2, 'carolina.lopes@email.com'),
  (3, 'carolina.lopes@email.com'), 
  (4, 'carolina.lopes@email.com'),
  (5, 'carolina.lopes@email.com'),
  (6, 'carolina.lopes@email.com'),
  (7, 'carolina.lopes@email.com'),
  (8, 'carolina.lopes@email.com'),
  (9, 'carolina.lopes@email.com'),
  (10, 'carolina.lopes@email.com'),
  (11, 'carolina.lopes@email.com'),
  (12, 'carolina.lopes@email.com'),
  (13, 'carolina.lopes@email.com'),
  (14, 'carolina.lopes@email.com'),
  (15, 'carolina.lopes@email.com'),
  (16, 'carolina.lopes@email.com'),
  (17, 'carolina.lopes@email.com'),
  (18, 'carolina.lopes@email.com'),
  (19, 'carolina.lopes@email.com'),
  (20, 'carolina.lopes@email.com'),
  (21, 'carolina.lopes@email.com'),
  (22, 'carolina.lopes@email.com'),
  (23, 'carolina.lopes@email.com'),
  (24, 'carolina.lopes@email.com'),

  -- Antônio Almeida - Terça manhã

  (25, 'antonio.almeida@email.com'),  
  (28, 'antonio.almeida@email.com'),
  (31, 'antonio.almeida@email.com'),
  (34, 'antonio.almeida@email.com'),
  (37, 'antonio.almeida@email.com'),
  (40, 'antonio.almeida@email.com'),
  (43, 'antonio.almeida@email.com'),
  (46, 'antonio.almeida@email.com'),
  (49, 'antonio.almeida@email.com'),

  -- Cristina Santos - Domingo manhã, Tarde e noite

  (1, 'cristina.santos@email.com'),
  (2, 'cristina.santos@email.com'),
  (3, 'cristina.santos@email.com'), 
  (4, 'cristina.santos@email.com'),
  (5, 'cristina.santos@email.com'),
  (6, 'cristina.santos@email.com'),
  (7, 'cristina.santos@email.com'),
  (8, 'cristina.santos@email.com'),
  (9, 'cristina.santos@email.com'),
  (10, 'cristina.santos@email.com'),
  (11, 'cristina.santos@email.com'),
  (12, 'cristina.santos@email.com'),
  (13, 'cristina.santos@email.com'),
  (14, 'cristina.santos@email.com'),
  (15, 'cristina.santos@email.com'),
  (16, 'cristina.santos@email.com'),
  (17, 'cristina.santos@email.com'),
  (18, 'cristina.santos@email.com'),
  (19, 'cristina.santos@email.com'),
  (20, 'cristina.santos@email.com'),
  (21, 'cristina.santos@email.com'),
  (22, 'cristina.santos@email.com'),
  (23, 'cristina.santos@email.com'),
  (24, 'cristina.santos@email.com'),

  -- Felipe Oliveira - Quinta manhã, Tarde e noite

  (79, 'felipe.oliveira@email.com'),
  (80, 'felipe.oliveira@email.com'),
  (81, 'felipe.oliveira@email.com'),
  (82, 'felipe.oliveira@email.com'),
  (83, 'felipe.oliveira@email.com'),
  (84, 'felipe.oliveira@email.com'),
  (85, 'felipe.oliveira@email.com'),
  (86, 'felipe.oliveira@email.com'),
  (87, 'felipe.oliveira@email.com'),
  (88, 'felipe.oliveira@email.com'),
  (89, 'felipe.oliveira@email.com'),
  (90, 'felipe.oliveira@email.com'),
  (91, 'felipe.oliveira@email.com'),
  (92, 'felipe.oliveira@email.com'),
  (93, 'felipe.oliveira@email.com'),
  (94, 'felipe.oliveira@email.com'),
  (95, 'felipe.oliveira@email.com'),
  (96, 'felipe.oliveira@email.com'),
  (97, 'felipe.oliveira@email.com'),
  (98, 'felipe.oliveira@email.com'),
  (99, 'felipe.oliveira@email.com'),
  (100, 'felipe.oliveira@email.com'),
  (101, 'felipe.oliveira@email.com'),
  (102, 'felipe.oliveira@email.com'),

  (151, 'felipe.oliveira@email.com'),
  (152, 'felipe.oliveira@email.com'),
  (153, 'felipe.oliveira@email.com'),


  -- Mariana Lima - Quarta manhã, Tarde e noite

  (52, 'mariana.lima@email.com'),
  (53, 'mariana.lima@email.com'), 
  (54, 'mariana.lima@email.com'),
  (55, 'mariana.lima@email.com'), 
  (56, 'mariana.lima@email.com'), 
  (57, 'mariana.lima@email.com'), 
  (58, 'mariana.lima@email.com'),
  (59, 'mariana.lima@email.com'), 
  (60, 'mariana.lima@email.com'), 
  (61, 'mariana.lima@email.com'),
  (62, 'mariana.lima@email.com'), 
  (63, 'mariana.lima@email.com'), 
  (64, 'mariana.lima@email.com'),
  (65, 'mariana.lima@email.com'), 
  (66, 'mariana.lima@email.com'), 
  (67, 'mariana.lima@email.com'),
  (68, 'mariana.lima@email.com'), 
  (69, 'mariana.lima@email.com'), 
  (70, 'mariana.lima@email.com'),
  (71, 'mariana.lima@email.com'), 
  (72, 'mariana.lima@email.com'), 
  (73, 'mariana.lima@email.com'),
  (74, 'mariana.lima@email.com'), 
  (75, 'mariana.lima@email.com'),
  (76, 'mariana.lima@email.com'),
  (77, 'mariana.lima@email.com'), 
  (78, 'mariana.lima@email.com'),



  -- Roberto Pereira - Sábado e Quarta Tarde e noite

  (53, 'roberto.pereira@email.com'), 
  (54, 'roberto.pereira@email.com'), 
  (56, 'roberto.pereira@email.com'), 
  (57, 'roberto.pereira@email.com'), 
  (59, 'roberto.pereira@email.com'), 
  (60, 'roberto.pereira@email.com'), 
  (62, 'roberto.pereira@email.com'), 
  (63, 'roberto.pereira@email.com'), 
  (65, 'roberto.pereira@email.com'), 
  (66, 'roberto.pereira@email.com'), 
  (68, 'roberto.pereira@email.com'), 
  (69, 'roberto.pereira@email.com'), 
  (71, 'roberto.pereira@email.com'), 
  (72, 'roberto.pereira@email.com'), 
  (74, 'roberto.pereira@email.com'), 
  (75, 'roberto.pereira@email.com'),
  (77, 'roberto.pereira@email.com'), 
  (78, 'roberto.pereira@email.com'),

 
  (128, 'roberto.pereira@email.com'),
  (129, 'roberto.pereira@email.com'),
  (131, 'roberto.pereira@email.com'),
  (132, 'roberto.pereira@email.com'),
  (134, 'roberto.pereira@email.com'),
  (135, 'roberto.pereira@email.com'),
  (137, 'roberto.pereira@email.com'),
  (138, 'roberto.pereira@email.com'),
  (140, 'roberto.pereira@email.com'),
  (141, 'roberto.pereira@email.com'),
  (143, 'roberto.pereira@email.com'),
  (144, 'roberto.pereira@email.com'),
  (146, 'roberto.pereira@email.com'),
  (147, 'roberto.pereira@email.com'),
  (149, 'roberto.pereira@email.com'),
  (150, 'roberto.pereira@email.com'),

  -- Juliana Costa - Sexta manhã, Tarde e noite

   (103, 'juliana.costa@email.com'),
   (104, 'juliana.costa@email.com'),
   (105, 'juliana.costa@email.com'),
   (106, 'juliana.costa@email.com'),
   (107, 'juliana.costa@email.com'),
   (108, 'juliana.costa@email.com'),
   (109, 'juliana.costa@email.com'),
   (110, 'juliana.costa@email.com'),
   (111, 'juliana.costa@email.com'),
   (112, 'juliana.costa@email.com'),
   (113, 'juliana.costa@email.com'),
   (114, 'juliana.costa@email.com'),
   (115, 'juliana.costa@email.com'),
   (116, 'juliana.costa@email.com'),
   (117, 'juliana.costa@email.com'),
   (118, 'juliana.costa@email.com'),
   (119, 'juliana.costa@email.com'),
   (120, 'juliana.costa@email.com'),
   (121, 'juliana.costa@email.com'),
   (122, 'juliana.costa@email.com'),
   (123, 'juliana.costa@email.com'),
   (124, 'juliana.costa@email.com'),
   (125, 'juliana.costa@email.com'),
   (126, 'juliana.costa@email.com'),
   
 
  -- Ricardo Silva - Domingo e Terça de Tarde e noite


  (2, 'ricardo.silva@email.com'),
  (3, 'ricardo.silva@email.com'), 
  (5, 'ricardo.silva@email.com'),
  (6, 'ricardo.silva@email.com'),
  (8, 'ricardo.silva@email.com'),
  (9, 'ricardo.silva@email.com'),
  (11, 'ricardo.silva@email.com'),
  (12, 'ricardo.silva@email.com'),
  (14, 'ricardo.silva@email.com'),
  (15, 'ricardo.silva@email.com'),
  (17, 'ricardo.silva@email.com'),
  (18, 'ricardo.silva@email.com'),
  (20, 'ricardo.silva@email.com'),
  (21, 'ricardo.silva@email.com'),
  (23, 'ricardo.silva@email.com'),
  (24, 'ricardo.silva@email.com'),


  
  (26, 'ricardo.silva@email.com'),
  (27, 'ricardo.silva@email.com'),
  (29, 'ricardo.silva@email.com'),
  (30, 'ricardo.silva@email.com'),
  (32, 'ricardo.silva@email.com'),
  (33, 'ricardo.silva@email.com'),
  (35, 'ricardo.silva@email.com'),
  (36, 'ricardo.silva@email.com'),
  (38, 'ricardo.silva@email.com'),
  (39, 'ricardo.silva@email.com'),
  (41, 'ricardo.silva@email.com'),
  (42, 'ricardo.silva@email.com'),
  (44, 'ricardo.silva@email.com'),
  (45, 'ricardo.silva@email.com'),
  (47, 'ricardo.silva@email.com'),
  (48, 'ricardo.silva@email.com'),
  (50, 'ricardo.silva@email.com'),
  (51, 'ricardo.silva@email.com'),

  -- Bernardo - Domingo Tarde e noite

  (2, 'bernardo@email.com'),
  (3, 'bernardo@email.com'), 
  (5, 'bernardo@email.com'),
  (6, 'bernardo@email.com'),
  (8, 'bernardo@email.com'),
  (9, 'bernardo@email.com'),
  (11, 'bernardo@email.com'),
  (12, 'bernardo@email.com'),
  (14, 'bernardo@email.com'),
  (15, 'bernardo@email.com'),
  (17, 'bernardo@email.com'),
  (18, 'bernardo@email.com'),
  (20, 'bernardo@email.com'),
  (21, 'bernardo@email.com'),
  (23, 'bernardo@email.com'),
  (24, 'bernardo@email.com');
